x,mean,sd,ymin,Lower,Middle,Upper,ymax
Clubhook Squid,0.072594386,0.059209501,0.002493995,0.025279767,0.058171553,0.105245511,0.218229504
Grenadier,0.102073014,0.074789392,0.004294143,0.042504435,0.089213986,0.146496587,0.273944804
Magister Squid,0.296351754,0.087269272,0.12372632,0.238212074,0.297719879,0.357654507,0.458699886
Sablefish.Dogfish,0.25097439,0.127189429,0.026901351,0.157952932,0.245799247,0.340024938,0.509052672
Shortraker Rockfish,0.146423782,0.108965934,0.007253771,0.060070102,0.121095409,0.214238109,0.401235752
Skate,0.131582675,0.093042701,0.003744573,0.057549316,0.116499113,0.187663188,0.346285875